Skill,Demand_Count,Demand_Score
python,220,1.0
communication,167,0.759090909090909
git,156,0.7090909090909091
leadership,150,0.6818181818181818
problem-solving,147,0.6681818181818182
java,140,0.6363636363636364
sql,134,0.6090909090909091
python basics,129,0.5863636363636363
docker,118,0.5363636363636364
aws,102,0.4636363636363636
kubernetes,98,0.44545454545454544
teamwork,95,0.4318181818181818
ci/cd,91,0.41363636363636364
node.js,88,0.4
collaboration,87,0.39545454545454545
project management,85,0.38636363636363635
r,80,0.36363636363636365
tableau,79,0.35909090909090907
python advanced,76,0.34545454545454546
figma,72,0.32727272727272727
azure,72,0.32727272727272727
power bi,71,0.32272727272727275
javascript,70,0.3181818181818182
team leadership,67,0.30454545454545456
adaptability,64,0.2909090909090909
mongodb,63,0.2863636363636364
team collaboration,63,0.2863636363636364
postgresql,61,0.2772727272727273
time management,60,0.2727272727272727
html,58,0.2636363636363636
css,58,0.2636363636363636
creativity,57,0.2590909090909091
mysql,56,0.2545454545454545
java basics,51,0.2318181818181818
angular,50,0.22727272727272727
rest apis,49,0.22272727272727272
gcp,47,0.21363636363636362
react,46,0.20909090909090908
django,45,0.20454545454545456
express.js,45,0.20454545454545456
adobe xd,45,0.20454545454545456
hadoop,45,0.20454545454545456
javascript basics,43,0.19545454545454546
pytorch,39,0.17727272727272728
tensorflow,39,0.17727272727272728
vue.js,38,0.17272727272727273
flask,37,0.16818181818181818
terraform,37,0.16818181818181818
nosql,36,0.16363636363636364
snowflake,35,0.1590909090909091
csharp,34,0.15454545454545454
typography,33,0.15
javascript advanced,33,0.15
agile,32,0.14545454545454545
cross-functional collaboration,32,0.14545454545454545
spark,32,0.14545454545454545
c++,31,0.1409090909090909
strategic planning,31,0.1409090909090909
sketch,31,0.1409090909090909
jira,31,0.1409090909090909
c++ basics,31,0.1409090909090909
java advanced,31,0.1409090909090909
microservices,31,0.1409090909090909
scikit-learn,30,0.13636363636363635
graphql,30,0.13636363636363635
performance optimization,30,0.13636363636363635
stakeholder management,30,0.13636363636363635
color theory,29,0.1318181818181818
kafka,29,0.1318181818181818
jenkins,29,0.1318181818181818
critical thinking,28,0.12727272727272726
sql basics,28,0.12727272727272726
pandas,27,0.12272727272727273
excel,26,0.11818181818181818
redshift,26,0.11818181818181818
typescript,26,0.11818181818181818
lead generation,25,0.11363636363636363
aws basics,25,0.11363636363636363
predictive modeling,25,0.11363636363636363
computer vision,24,0.10909090909090909
illustrator,24,0.10909090909090909
azure basics,24,0.10909090909090909
regression,23,0.10454545454545454
cross-platform development,23,0.10454545454545454
mentoring,23,0.10454545454545454
html5,23,0.10454545454545454
css3,23,0.10454545454545454
kotlin,22,0.1
looker,22,0.1
prototyping,22,0.1
git basics,22,0.1
cloudformation,22,0.1
data analysis,22,0.1
postman basics,21,0.09545454545454546
swift,21,0.09545454545454546
tensorflow basics,21,0.09545454545454546
android studio,21,0.09545454545454546
react basics,21,0.09545454545454546
bigquery,20,0.09090909090909091
ci/cd pipelines,20,0.09090909090909091
c++ expert,20,0.09090909090909091
restful api,20,0.09090909090909091
team management,20,0.09090909090909091
analytical thinking,20,0.09090909090909091
agile leadership,20,0.09090909090909091
c# basics,20,0.09090909090909091
sas,20,0.09090909090909091
redis,19,0.08636363636363636
editing and proofreading,19,0.08636363636363636
scala,19,0.08636363636363636
machine learning,19,0.08636363636363636
nlp,19,0.08636363636363636
indesign,19,0.08636363636363636
appium,19,0.08636363636363636
javascript expert,18,0.08181818181818182
ansible,18,0.08181818181818182
proofreading,18,0.08181818181818182
multi-format content creation,18,0.08181818181818182
predictive analytics,18,0.08181818181818182
numpy,18,0.08181818181818182
bash,17,0.07727272727272727
python expert,17,0.07727272727272727
keras,17,0.07727272727272727
attention to detail,17,0.07727272727272727
jmeter,17,0.07727272727272727
email marketing automation,16,0.07272727272727272
machine learning basics,16,0.07272727272727272
testng,16,0.07272727272727272
postman,16,0.07272727272727272
innovation management,16,0.07272727272727272
resource allocation,16,0.07272727272727272
networking,16,0.07272727272727272
etl pipelines,15,0.06818181818181818
hadoop basics,15,0.06818181818181818
cloud security,15,0.06818181818181818
sql server,15,0.06818181818181818
aspnet,15,0.06818181818181818
multiplayer networking,15,0.06818181818181818
unity expert,15,0.06818181818181818
angular basics,15,0.06818181818181818
matlab,15,0.06818181818181818
unreal engine expert,15,0.06818181818181818
security compliance,15,0.06818181818181818
spring boot,15,0.06818181818181818
project leadership,15,0.06818181818181818
change management,15,0.06818181818181818
after effects,15,0.06818181818181818
mvvm,15,0.06818181818181818
deep learning,15,0.06818181818181818
c++ advanced,15,0.06818181818181818
spatial computing,15,0.06818181818181818
advanced sql,15,0.06818181818181818
objective-c,14,0.06363636363636363
problem solving,14,0.06363636363636363
mongodb basics,14,0.06363636363636363
reinforcement learning,14,0.06363636363636363
responsive design,14,0.06363636363636363
functional testing,14,0.06363636363636363
regression testing,14,0.06363636363636363
spark basics,14,0.06363636363636363
debugging ai outputs,14,0.06363636363636363
seaborn,14,0.06363636363636363
"bash, powershell scripting",14,0.06363636363636363
budget management,14,0.06363636363636363
matplotlib,14,0.06363636363636363
vue.js basics,14,0.06363636363636363
"npm, yarn",14,0.06363636363636363
invision,14,0.06363636363636363
selenium,14,0.06363636363636363
"webpack, babel",14,0.06363636363636363
classification,14,0.06363636363636363
vulnerability assessment,14,0.06363636363636363
c# advanced,14,0.06363636363636363
cms,13,0.05909090909090909
hubspot,13,0.05909090909090909
feature engineering,13,0.05909090909090909
ci/cd basics,13,0.05909090909090909
"arkit, arcore, vuforia",13,0.05909090909090909
javascript (es6+),13,0.05909090909090909
wireframing,13,0.05909090909090909
design systems,13,0.05909090909090909
cross-team collaboration,13,0.05909090909090909
forecasting,13,0.05909090909090909
social selling,13,0.05909090909090909
flink,13,0.05909090909090909
linux,13,0.05909090909090909
"cryptography, ssl/tls",13,0.05909090909090909
scala basics,13,0.05909090909090909
salesforce,13,0.05909090909090909
negotiation,13,0.05909090909090909
kpi monitoring,13,0.05909090909090909
madcap flare,13,0.05909090909090909
c# expert,13,0.05909090909090909
presentation skills,13,0.05909090909090909
motion graphics,13,0.05909090909090909
adobe framemaker,13,0.05909090909090909
stakeholder engagement,13,0.05909090909090909
selenium webdriver,13,0.05909090909090909
xcode,12,0.05454545454545454
test documentation,12,0.05454545454545454
node.js basics,12,0.05454545454545454
cypress basics,12,0.05454545454545454
data storytelling,12,0.05454545454545454
innovation,12,0.05454545454545454
firebase,12,0.05454545454545454
graphics optimization,12,0.05454545454545454
exception handling,12,0.05454545454545454
docker swarm,12,0.05454545454545454
data governance,12,0.05454545454545454
version control,12,0.05454545454545454
hugging face,12,0.05454545454545454
gesture/motion tracking,12,0.05454545454545454
"unity, unreal engine expert",12,0.05454545454545454
"c++, c# expert",12,0.05454545454545454
penetration testing,12,0.05454545454545454
helm,12,0.05454545454545454
bash/zsh scripting,12,0.05454545454545454
qlikview,12,0.05454545454545454
stakeholder communication,11,0.05
pytorch basics,11,0.05
cypress,11,0.05
testrail,11,0.05
photoshop,11,0.05
corda,11,0.05
windows server,11,0.05
lime,11,0.05
malware analysis,11,0.05
shap,11,0.05
llms,11,0.05
sensor fusion,11,0.05
godot basics,11,0.05
"react, angular, vue.js",11,0.05
async programming,11,0.05
advanced java,11,0.05
adobe photoshop,11,0.05
unit testing,11,0.05
market segmentation,10,0.045454545454545456
generators,10,0.045454545454545456
decorators,10,0.045454545454545456
ai coding assistant mastery,10,0.045454545454545456
nltk basics,10,0.045454545454545456
spacy basics,10,0.045454545454545456
matplotlib basics,10,0.045454545454545456
scalable dapps,10,0.045454545454545456
research skills,10,0.045454545454545456
api testing,10,0.045454545454545456
power bi basics,10,0.045454545454545456
numpy basics,10,0.045454545454545456
automation,10,0.045454545454545456
sqlite,10,0.045454545454545456
functions,10,0.045454545454545456
rest api/graphql,10,0.045454545454545456
pandas basics,10,0.045454545454545456
flask basics,10,0.045454545454545456
django basics,10,0.045454545454545456
room,10,0.045454545454545456
unreal engine basics,10,0.045454545454545456
unity basics,10,0.045454545454545456
"programming: java, python, c#, javascript",10,0.045454545454545456
fastapi,10,0.045454545454545456
sqlalchemy,10,0.045454545454545456
data preprocessing,10,0.045454545454545456
brand management,10,0.045454545454545456
tailwind css,10,0.045454545454545456
browser developer tools,10,0.045454545454545456
clustering,10,0.045454545454545456
shader programming hlsl/glsl,10,0.045454545454545456
sql advanced,10,0.045454545454545456
performance tuning,10,0.045454545454545456
analytics and reporting,10,0.045454545454545456
bootstrap,10,0.045454545454545456
digital marketing strategy,10,0.045454545454545456
linux fundamentals,10,0.045454545454545456
solidity basics,10,0.045454545454545456
linux/unix basics,10,0.045454545454545456
content marketing,10,0.045454545454545456
content creation,10,0.045454545454545456
research and fact-checking,10,0.045454545454545456
seo optimization,10,0.045454545454545456
nosql basics,10,0.045454545454545456
compliance frameworks,10,0.045454545454545456
spark streaming,10,0.045454545454545456
gcp basics,10,0.045454545454545456
solidity advanced,10,0.045454545454545456
rust basics,10,0.045454545454545456
data modeling,10,0.045454545454545456
ruby basics,10,0.045454545454545456
xml,9,0.04090909090909091
multimodal search optimization,9,0.04090909090909091
jetpack,9,0.04090909090909091
airflow,9,0.04090909090909091
prompt engineering expert,9,0.04090909090909091
hugging face transformers,9,0.04090909090909091
openai api,9,0.04090909090909091
nltk,9,0.04090909090909091
opencv,9,0.04090909090909091
remix ide,9,0.04090909090909091
truffle,9,0.04090909090909091
cryptography fundamentals,9,0.04090909090909091
azure cognitive services,9,0.04090909090909091
cloud platforms,9,0.04090909090909091
neural networks,9,0.04090909090909091
hypothesis testing,9,0.04090909090909091
a/b testing,9,0.04090909090909091
hardware interfacing,9,0.04090909090909091
cocoa touch,9,0.04090909090909091
cross-functional leadership,9,0.04090909090909091
azure advanced,9,0.04090909090909091
aws advanced,9,0.04090909090909091
grpc,9,0.04090909090909091
"mqtt, coap, lorawan, nb-iot",9,0.04090909090909091
cloud integration,9,0.04090909090909091
code review,9,0.04090909090909091
gcp advanced,9,0.04090909090909091
ai writing tools,9,0.04090909090909091
technical seo audits,9,0.04090909090909091
ajax,9,0.04090909090909091
oop basics,9,0.04090909090909091
ui/ux expert,9,0.04090909090909091
fastapi basics,9,0.04090909090909091
"python, go, java",9,0.04090909090909091
"networking (tcp/ip, dns, load balancing, cdn)",9,0.04090909090909091
clean architecture,9,0.04090909090909091
mllib,9,0.04090909090909091
manual testing,9,0.04090909090909091
ros development,9,0.04090909090909091
conflict resolution,9,0.04090909090909091
git/github,9,0.04090909090909091
hugging face basics,9,0.04090909090909091
content and social media marketing,9,0.04090909090909091
blockchain basics,8,0.03636363636363636
metaprogramming,8,0.03636363636363636
ui/ux basics,8,0.03636363636363636
redux/vuex,8,0.03636363636363636
talend basics,8,0.03636363636363636
mysql basics,8,0.03636363636363636
wireshark,8,0.03636363636363636
link building,8,0.03636363636363636
six sigma,8,0.03636363636363636
survey design,8,0.03636363636363636
reverse engineering,8,0.03636363636363636
api testing advanced,8,0.03636363636363636
reporting and dashboards,8,0.03636363636363636
api integration basics,8,0.03636363636363636
dagger,8,0.03636363636363636
advanced python,8,0.03636363636363636
tcp/ip,8,0.03636363636363636
content strategy,8,0.03636363636363636
data-driven decision making,8,0.03636363636363636
scheduling,8,0.03636363636363636
financial reporting,8,0.03636363636363636
python/bash/powershell,8,0.03636363636363636
bugzilla,8,0.03636363636363636
restful api design,8,0.03636363636363636
hyperledger basics,8,0.03636363636363636
lean management,8,0.03636363636363636
"api & mobile testing: postman, soapui, appium",8,0.03636363636363636
social media marketing,8,0.03636363636363636
testing frameworks,8,0.03636363636363636
basic html/css,8,0.03636363636363636
brand voice consistency,8,0.03636363636363636
"simulation (gazebo, rviz)",8,0.03636363636363636
hyperledger,8,0.03636363636363636
ui/ux fundamentals,8,0.03636363636363636
sensor and actuator integration,8,0.03636363636363636
agile/scrum,8,0.03636363636363636
ai-assisted content creation,8,0.03636363636363636
advanced analytics,8,0.03636363636363636
java/scala,8,0.03636363636363636
powerbi,8,0.03636363636363636
cms basics,8,0.03636363636363636
product knowledge,7,0.031818181818181815
spss,7,0.031818181818181815
requirement gathering,7,0.031818181818181815
"jest, mocha, cypress",7,0.031818181818181815
rest api,7,0.031818181818181815
"redux, vuex",7,0.031818181818181815
"docker, ci/cd",7,0.031818181818181815
dotnet,7,0.031818181818181815
mvc,7,0.031818181818181815
crm basics,7,0.031818181818181815
physics simulation,7,0.031818181818181815
terraform/ansible awareness,7,0.031818181818181815
"iac (terraform, ansible, puppet, chef)",7,0.031818181818181815
editing,7,0.031818181818181815
html/css/xml,7,0.031818181818181815
json,7,0.031818181818181815
restassured,7,0.031818181818181815
cucumber,7,0.031818181818181815
embedded systems design,7,0.031818181818181815
closing techniques,7,0.031818181818181815
pipeline management,7,0.031818181818181815
sales forecasting,7,0.031818181818181815
performance tracking,7,0.031818181818181815
relationship building,7,0.031818181818181815
active listening,7,0.031818181818181815
google analytics ga4,7,0.031818181818181815
report writing,7,0.031818181818181815
apache spark basics,7,0.031818181818181815
google analytics basics,7,0.031818181818181815
ensemble methods,7,0.031818181818181815
ethereum,7,0.031818181818181815
corda basics,7,0.031818181818181815
"docker, kubernetes",7,0.031818181818181815
onnx,7,0.031818181818181815
content research,7,0.031818181818181815
agile documentation,7,0.031818181818181815
docker basics,7,0.031818181818181815
backlog grooming,7,0.031818181818181815
linux expert,7,0.031818181818181815
nagios,7,0.031818181818181815
dapps basics,7,0.031818181818181815
lead generation and nurturing,7,0.031818181818181815
"ci/cd: jenkins, gitlab ci/cd, bamboo",7,0.031818181818181815
emerging marketing technologies,7,0.031818181818181815
unittest basics,7,0.031818181818181815
clear writing,7,0.031818181818181815
markdown,7,0.031818181818181815
kubernetes basics,7,0.031818181818181815
networking fundamentals,7,0.031818181818181815
"metasploit, burp suite, nmap, sqlmap, wireshark",7,0.031818181818181815
github actions,7,0.031818181818181815
soapui basics,7,0.031818181818181815
technical writing,7,0.031818181818181815
cybersecurity basics,7,0.031818181818181815
selenium basics,7,0.031818181818181815
powershell,7,0.031818181818181815
erp/crm tools,7,0.031818181818181815
agile methodology,7,0.031818181818181815
data analysis basics,7,0.031818181818181815
qualitative research,7,0.031818181818181815
incident response,7,0.031818181818181815
ruby advanced,7,0.031818181818181815
agile methodologies,7,0.031818181818181815
ethereum multi-chain,6,0.02727272727272727
linux basics,6,0.02727272727272727
splunk,6,0.02727272727272727
looker studio,6,0.02727272727272727
python/bash scripting,6,0.02727272727272727
aws/azure basics,6,0.02727272727272727
ci/cd integration,6,0.02727272727272727
test data management,6,0.02727272727272727
user research,6,0.02727272727272727
performance and load testing,6,0.02727272727272727
machine learning integration,6,0.02727272727272727
advanced cad,6,0.02727272727272727
bash scripting basics,6,0.02727272727272727
strategic alignment,6,0.02727272727272727
budget optimization,6,0.02727272727272727
seo basics,6,0.02727272727272727
storage,6,0.02727272727272727
grammar and punctuation,6,0.02727272727272727
sql fundamentals,6,0.02727272727272727
react/redux,6,0.02727272727272727
malware analysis and reverse engineering,6,0.02727272727272727
"python, c/c++, javascript advanced",6,0.02727272727272727
accessibility,6,0.02727272727272727
docker/kubernetes fundamentals,6,0.02727272727272727
prompt writing fundamentals,6,0.02727272727272727
"ci/cd: jenkins, gitlab ci, circleci",6,0.02727272727272727
risk assessment and mitigation,6,0.02727272727272727
web application security,6,0.02727272727272727
relationship management,6,0.02727272727272727
product demos,6,0.02727272727272727
sales automation,6,0.02727272727272727
data-driven sales,6,0.02727272727272727
closing deals,6,0.02727272727272727
excel charts,6,0.02727272727272727
digital sales awareness,6,0.02727272727272727
customer engagement,6,0.02727272727272727
content optimization,6,0.02727272727272727
cms proficiency,6,0.02727272727272727
advanced data analysis,6,0.02727272727272727
tableau basics,6,0.02727272727272727
data analytics,6,0.02727272727272727
basic statistics,6,0.02727272727272727
storytelling,6,0.02727272727272727
cryptography advanced,6,0.02727272727272727
cms familiarity,6,0.02727272727272727
cryptography basics,6,0.02727272727272727
kpi tracking,6,0.02727272727272727
solidworks advanced,6,0.02727272727272727
ai-assisted documentation,6,0.02727272727272727
xml/html/css,6,0.02727272727272727
api documentation,6,0.02727272727272727
structured authoring,6,0.02727272727272727
multi-channel campaign management,6,0.02727272727272727
email automation,6,0.02727272727272727
digital marketing awareness,6,0.02727272727272727
advanced writing and editing,6,0.02727272727272727
vmware,6,0.02727272727272727
erp/crm systems,6,0.02727272727272727
machine learning in robotics,6,0.02727272727272727
python scripting,6,0.02727272727272727
adobe illustrator,6,0.02727272727272727
embedded systems advanced,6,0.02727272727272727
edge computing,6,0.02727272727272727
jenkins basics,5,0.022727272727272728
smart contract optimization,5,0.022727272727272728
business process optimization,5,0.022727272727272728
usability testing,5,0.022727272727272728
user flows,5,0.022727272727272728
"cloud platforms (aws, azure, gcp)",5,0.022727272727272728
cross-chain interoperability,5,0.022727272727272728
link building strategy,5,0.022727272727272728
html/css basics,5,0.022727272727272728
strategic copywriting,5,0.022727272727272728
advanced copywriting,5,0.022727272727272728
ai-assisted writing tools,5,0.022727272727272728
digital marketing integration,5,0.022727272727272728
search console,5,0.022727272727272728
docker/kubernetes,5,0.022727272727272728
user research basics,5,0.022727272727272728
snort,5,0.022727272727272728
machine learning predictive analytics,5,0.022727272727272728
cybersecurity expertise,5,0.022727272727272728
risk and quality oversight,5,0.022727272727272728
vs code,5,0.022727272727272728
selenium webdriver basics,5,0.022727272727272728
testing,5,0.022727272727272728
"cloud computing (aws, azure)",5,0.022727272727272728
unit & e2e testing,5,0.022727272727272728
flask advanced,5,0.022727272727272728
process optimization,5,0.022727272727272728
metrics-driven qa,5,0.022727272727272728
ux research integration,5,0.022727272727272728
arcore basics,5,0.022727272727272728
arkit basics,5,0.022727272727272728
ux documentation,5,0.022727272727272728
advanced technical writing,5,0.022727272727272728
"test automation: selenium, appium, cucumber, testng",5,0.022727272727272728
data-driven marketing,5,0.022727272727272728
distributed systems,5,0.022727272727272728
kinematics,5,0.022727272727272728
seo/sem/ppc optimization,5,0.022727272727272728
matlab basics,5,0.022727272727272728
redux,5,0.022727272727272728
debugging basics,5,0.022727272727272728
spatial computing basics,5,0.022727272727272728
linux administration,5,0.022727272727272728
terraform basics,5,0.022727272727272728
bash scripting,5,0.022727272727272728
django advanced,5,0.022727272727272728
marketing analytics and reporting,5,0.022727272727272728
budgeting,5,0.022727272727272728
intro to nlp,5,0.022727272727272728
"python, c/c++, javascript",5,0.022727272727272728
team leadership and conflict resolution,5,0.022727272727272728
etl pipeline management,5,0.022727272727272728
advanced tableau,5,0.022727272727272728
"docker, kubernetes expert",5,0.022727272727272728
distributed systems design,5,0.022727272727272728
c basics,5,0.022727272727272728
core data,5,0.022727272727272728
arduino basics,5,0.022727272727272728
raspberry pi basics,5,0.022727272727272728
ros basics,5,0.022727272727272728
generative ai,5,0.022727272727272728
go,5,0.022727272727272728
"statistics: probability, linear algebra",5,0.022727272727272728
interaction design,5,0.022727272727272728
advanced photoshop,5,0.022727272727272728
3d design,5,0.022727272727272728
simulator,5,0.022727272727272728
cad/solidworks advanced,5,0.022727272727272728
advanced nlp,5,0.022727272727272728
etl automation,5,0.022727272727272728
supervised/unsupervised learning,5,0.022727272727272728
ros advanced,5,0.022727272727272728
automation scripting,5,0.022727272727272728
ipv6 basics,5,0.022727272727272728
shader programming,5,0.022727272727272728
graphql basics,5,0.022727272727272728
cloud basics,5,0.022727272727272728
business intelligence,5,0.022727272727272728
ai-enhanced analytics,5,0.022727272727272728
aws iot basics,5,0.022727272727272728
azure iot basics,5,0.022727272727272728
tcp/ip basics,5,0.022727272727272728
hardware debugging,5,0.022727272727272728
google data studio,5,0.022727272727272728
azure fundamentals,5,0.022727272727272728
code evaluation,5,0.022727272727272728
react/vue expert,5,0.022727272727272728
etl basics,5,0.022727272727272728
ai-powered seo tools,5,0.022727272727272728
requirement elicitation,5,0.022727272727272728
advanced javascript,5,0.022727272727272728
market research,5,0.022727272727272728
entity framework basics,5,0.022727272727272728
asp.net core,4,0.01818181818181818
entity framework,4,0.01818181818181818
advanced analytics and a/b testing,4,0.01818181818181818
roadmap execution,4,0.01818181818181818
analytical skills,4,0.01818181818181818
etl concepts,4,0.01818181818181818
"analytics and reporting (ga4, looker studio, search console)",4,0.01818181818181818
advanced technical seo,4,0.01818181818181818
on-page and off-page optimization,4,0.01818181818181818
visual studio,4,0.01818181818181818
project coordination,4,0.01818181818181818
scheduling and budgeting,4,0.01818181818181818
agile facilitation,4,0.01818181818181818
product vision and strategy,4,0.01818181818181818
"tools: jira, confluence, figma, mixpanel, tableau",4,0.01818181818181818
product vision and roadmap development,4,0.01818181818181818
gcp fundamentals,4,0.01818181818181818
cloudformation basics,4,0.01818181818181818
compliance,4,0.01818181818181818
performance testing,4,0.01818181818181818
design thinking,4,0.01818181818181818
agile methods,4,0.01818181818181818
business process modeling,4,0.01818181818181818
agile fundamentals,4,0.01818181818181818
firewall basics,4,0.01818181818181818
page speed optimization,4,0.01818181818181818
requirement documentation,4,0.01818181818181818
social media strategy,4,0.01818181818181818
introductory machine learning,4,0.01818181818181818
control flow,4,0.01818181818181818
devops in fintech,4,0.01818181818181818
financial analysis,4,0.01818181818181818
monitoring,4,0.01818181818181818
css basics,4,0.01818181818181818
html basics,4,0.01818181818181818
prompt writing,4,0.01818181818181818
prototyping basics,4,0.01818181818181818
microservices design,4,0.01818181818181818
risk management,4,0.01818181818181818
threat hunting,4,0.01818181818181818
qradar,4,0.01818181818181818
research,4,0.01818181818181818
requirement management,4,0.01818181818181818
"basic automation: selenium, appium, cucumber",4,0.01818181818181818
budget oversight,4,0.01818181818181818
workflow automation,4,0.01818181818181818
process improvement,4,0.01818181818181818
workflow optimization,4,0.01818181818181818
aws fundamentals,4,0.01818181818181818
sql optimization,4,0.01818181818181818
ethereum fundamentals,4,0.01818181818181818
lazy loading,4,0.01818181818181818
cross-platform deployment,4,0.01818181818181818
qos,4,0.01818181818181818
security and compliance,4,0.01818181818181818
kubernetes fundamentals,4,0.01818181818181818
restful apis,4,0.01818181818181818
network security,4,0.01818181818181818
ci/cd fundamentals,4,0.01818181818181818
"python, java",4,0.01818181818181818
network security and optimization,4,0.01818181818181818
"aws, azure, gcp iot",4,0.01818181818181818
"seo, sem, ppc",4,0.01818181818181818
cloud platforms expert,4,0.01818181818181818
content strategy support,4,0.01818181818181818
subnetting,4,0.01818181818181818
dns,4,0.01818181818181818
ai-driven analytics,4,0.01818181818181818
basic statistical analysis,4,0.01818181818181818
basic seo knowledge,4,0.01818181818181818
docker fundamentals,4,0.01818181818181818
siem tools,4,0.01818181818181818
iterative prompt optimization,4,0.01818181818181818
chain-of-thought prompting,4,0.01818181818181818
statistical analysis,4,0.01818181818181818
lan/wan,4,0.01818181818181818
motor control basics,4,0.01818181818181818
brand strategy,4,0.01818181818181818
"bug tracking & documentation: jira, testrail, alm",4,0.01818181818181818
performance profiling,4,0.01818181818181818
physics and collision systems,4,0.01818181818181818
debugging and profiling,4,0.01818181818181818
mysql/postgresql,4,0.01818181818181818
advanced content strategy,4,0.01818181818181818
linear algebra,4,0.01818181818181818
analytics and kpi tracking,4,0.01818181818181818
sem basics,4,0.01818181818181818
data visualization basics,4,0.01818181818181818
competitive intelligence,4,0.01818181818181818
bluetooth,4,0.01818181818181818
digital marketing tools,4,0.01818181818181818
core animation,4,0.01818181818181818
agile project management,4,0.01818181818181818
linux/windows administration,4,0.01818181818181818
"big data: hadoop, spark",4,0.01818181818181818
"frameworks: tensorflow, pytorch, keras, scikit-learn (advanced), onnx",4,0.01818181818181818
figma basics,4,0.01818181818181818
ai-assisted writing,4,0.01818181818181818
uikit,4,0.01818181818181818
principle,4,0.01818181818181818
micro-interactions,4,0.01818181818181818
gitlab,4,0.01818181818181818
smart contract development,4,0.01818181818181818
"ci/cd pipelines (jenkins, bamboo, github actions)",4,0.01818181818181818
smart contracts,4,0.01818181818181818
"data visualization: matplotlib, seaborn",4,0.01818181818181818
.net framework,4,0.01818181818181818
ai coding assistant usage,4,0.01818181818181818
azure devops,4,0.01818181818181818
curiosity,4,0.01818181818181818
agile oversight,4,0.01818181818181818
gas optimization,4,0.01818181818181818
smart contract security audits,4,0.01818181818181818
debugging,4,0.01818181818181818
php basics,3,0.013636363636363636
social media management,3,0.013636363636363636
email campaigns,3,0.013636363636363636
"jest, cypress, mocha",3,0.013636363636363636
web performance optimization,3,0.013636363636363636
seo/sem,3,0.013636363636363636
cryptography expert,3,0.013636363636363636
agile workflow oversight,3,0.013636363636363636
privacy-compliant seo strategies,3,0.013636363636363636
ai-driven seo insights,3,0.013636363636363636
local seo optimization,3,0.013636363636363636
user research integration,3,0.013636363636363636
"tools: jira, confluence, mixpanel, ga, tableau",3,0.013636363636363636
product vision and roadmap planning,3,0.013636363636363636
ux research and integration,3,0.013636363636363636
"tools: jira, figma, mixpanel, tableau",3,0.013636363636363636
metrics-driven growth,3,0.013636363636363636
windows security and active directory,3,0.013636363636363636
core java,3,0.013636363636363636
oop,3,0.013636363636363636
testng basics,3,0.013636363636363636
ai coding assistants,3,0.013636363636363636
react/vue frameworks,3,0.013636363636363636
prompt engineering,3,0.013636363636363636
"ml frameworks: scikit-learn, tensorflow, pytorch, keras",3,0.013636363636363636
smart contract implementation,3,0.013636363636363636
dapps fundamentals,3,0.013636363636363636
ethereum basics,3,0.013636363636363636
advanced robotics control,3,0.013636363636363636
cloud,3,0.013636363636363636
security,3,0.013636363636363636
simulation tools,3,0.013636363636363636
"docker, kubernetes advanced",3,0.013636363636363636
"monitoring and logging (prometheus, grafana, elk stack, nagios, splunk)",3,0.013636363636363636
communication skills,3,0.013636363636363636
gitlab ci/cd,3,0.013636363636363636
loadrunner,3,0.013636363636363636
alm,3,0.013636363636363636
basic figma,3,0.013636363636363636
web design,3,0.013636363636363636
collaboration with cross-functional teams,3,0.013636363636363636
seo fundamentals,3,0.013636363636363636
security and compliance basics,3,0.013636363636363636
"aws, azure, gcp advanced",3,0.013636363636363636
aws awareness,3,0.013636363636363636
azure awareness,3,0.013636363636363636
gcp awareness,3,0.013636363636363636
robotics control algorithms,3,0.013636363636363636
advanced ai/gameplay systems,3,0.013636363636363636
testing/debugging,3,0.013636363636363636
blender basics,3,0.013636363636363636
3d modeling basics,3,0.013636363636363636
web design basics,3,0.013636363636363636
"mlops: ci/cd pipelines, model monitoring, cloud deployment (aws/gcp/azure)",3,0.013636363636363636
"feature engineering, etl automation",3,0.013636363636363636
"advanced ml/dl: deep learning, reinforcement learning, nlp, computer vision, transfer learning",3,0.013636363636363636
hyperledger fabric,3,0.013636363636363636
kpi development,3,0.013636363636363636
project management for content initiatives,3,0.013636363636363636
lora basics,3,0.013636363636363636
mqtt basics,3,0.013636363636363636
google cloud iot basics,3,0.013636363636363636
zigbee,3,0.013636363636363636
digital marketing knowledge,3,0.013636363636363636
embedded systems expert,3,0.013636363636363636
aws glue,3,0.013636363636363636
"basic ml: classification, regression, clustering",3,0.013636363636363636
data wrangling,3,0.013636363636363636
competitive analysis,3,0.013636363636363636
distributed systems architecture,3,0.013636363636363636
grafana,3,0.013636363636363636
copywriting,3,0.013636363636363636
python (advanced),3,0.013636363636363636
github/gitlab,3,0.013636363636363636
email marketing basics,3,0.013636363636363636
dynamics,3,0.013636363636363636
"go, java",3,0.013636363636363636
performance tracking and kpi analysis,3,0.013636363636363636
kpi strategy,3,0.013636363636363636
ai programming,3,0.013636363636363636
"bug tracking & documentation: jira, testrail",3,0.013636363636363636
"performance & security testing: jmeter, loadrunner",3,0.013636363636363636
google analytics,3,0.013636363636363636
ppc campaigns,3,0.013636363636363636
solidworks,3,0.013636363636363636
autocad,3,0.013636363636363636
motion tracking basics,3,0.013636363636363636
3d modeling/animation advanced,3,0.013636363636363636
ui/ux design advanced,3,0.013636363636363636
regression analysis,3,0.013636363636363636
nlp frameworks,3,0.013636363636363636
prompt chain-of-thought,3,0.013636363636363636
data structures,3,0.013636363636363636
cad/solidworks,3,0.013636363636363636
basic ci/cd,3,0.013636363636363636
advanced seo,3,0.013636363636363636
etl understanding,3,0.013636363636363636
dhcp,3,0.013636363636363636
cisco routers,3,0.013636363636363636
solarwinds,3,0.013636363636363636
ai-assisted content tools,3,0.013636363636363636
content strategy development,3,0.013636363636363636
cms tools,3,0.013636363636363636
ai content tools,3,0.013636363636363636
"monitoring & logging (prometheus, grafana, elk, nagios, splunk)",3,0.013636363636363636
"seo, sem, ppc optimization",3,0.013636363636363636
content and social media campaigns,3,0.013636363636363636
cisco ios,3,0.013636363636363636
rest api basics,3,0.013636363636363636
real-time analytics,3,0.013636363636363636
ci/cd automation,3,0.013636363636363636
advanced seo and analytics,3,0.013636363636363636
excel functions,3,0.013636363636363636
keyword research,3,0.013636363636363636
seo strategy,3,0.013636363636363636
privacy-compliant seo,3,0.013636363636363636
embedded firmware,3,0.013636363636363636
embedded firmware development,3,0.013636363636363636
c advanced,3,0.013636363636363636
directx/opengl basics,3,0.013636363636363636
mpls,3,0.013636363636363636
soapui,3,0.013636363636363636
performance testing: jmeter,3,0.013636363636363636
email automation and personalization,3,0.013636363636363636
brand management and ux integration,3,0.013636363636363636
manual testing concepts,3,0.013636363636363636
cisco nexus,3,0.013636363636363636
cisco asa,3,0.013636363636363636
erp systems,3,0.013636363636363636
basic team coordination,3,0.013636363636363636
erp/crm basics,3,0.013636363636363636
advanced 3d modeling and animation,3,0.013636363636363636
ai writing tools awareness,3,0.013636363636363636
appium basics,3,0.013636363636363636
"marketing analytics (ga, tableau, mixpanel)",3,0.013636363636363636
strategic digital marketing planning,3,0.013636363636363636
devops automation,3,0.013636363636363636
information architecture,3,0.013636363636363636
wireframes,3,0.013636363636363636
journey mapping,3,0.013636363636363636
agile ux,3,0.013636363636363636
digital marketing campaigns,3,0.013636363636363636
schema markup,3,0.013636363636363636
storytelling and creativity,3,0.013636363636363636
local and mobile seo optimization,3,0.013636363636363636
gdpr basics,3,0.013636363636363636
html5 basics,3,0.013636363636363636
css3 basics,3,0.013636363636363636
monitoring tools,3,0.013636363636363636
active directory,3,0.013636363636363636
process automation,3,0.013636363636363636
budget monitoring,3,0.013636363636363636
reporting,3,0.013636363636363636
"monitoring/logging: cloudwatch, prometheus, elk",3,0.013636363636363636
"monitoring: cloudwatch, prometheus, elk",3,0.013636363636363636
content marketing and social media strategy,3,0.013636363636363636
lead generation and crm tools,3,0.013636363636363636
pytest basics,3,0.013636363636363636
tone and style adaptation,3,0.013636363636363636
devops,3,0.013636363636363636
blockchain development,3,0.013636363636363636
api architecture,3,0.013636363636363636
blockchain and dlt,3,0.013636363636363636
financial products knowledge,3,0.013636363636363636
reporting and analytics,3,0.013636363636363636
gpt models intro,3,0.013636363636363636
team leadership and mentoring,3,0.013636363636363636
data types,3,0.013636363636363636
cybersecurity awareness,3,0.013636363636363636
financial products understanding,3,0.013636363636363636
marketing automation,3,0.013636363636363636
javascript es6+,3,0.013636363636363636
ui/ux design,3,0.013636363636363636
advanced digital marketing,3,0.013636363636363636
ppc management,3,0.013636363636363636
strategic marketing planning,3,0.013636363636363636
schema markup and structured data,3,0.013636363636363636
nessus,3,0.013636363636363636
metasploit,3,0.013636363636363636
linux security,3,0.013636363636363636
adobe creative suite,3,0.013636363636363636
user testing,3,0.013636363636363636
monitoring fundamentals,3,0.013636363636363636
terraform/cloudformation basics,3,0.013636363636363636
web application security basics,3,0.013636363636363636
ethical awareness,3,0.013636363636363636
networking basics,3,0.013636363636363636
end-to-end project management,3,0.013636363636363636
"use of project management tools (ms project, jira, trello, asana)",3,0.013636363636363636
strategic project management,3,0.013636363636363636
aws codepipeline,3,0.013636363636363636
vpn,3,0.013636363636363636
introductory microservices knowledge,3,0.013636363636363636
budget and resource management,3,0.013636363636363636
strategic project alignment,3,0.013636363636363636
3d modeling/animation expert,3,0.013636363636363636
advanced 3d modeling/animation,3,0.013636363636363636
windows security basics,3,0.013636363636363636
introduction to penetration testing,3,0.013636363636363636
network and web security expert,3,0.013636363636363636
voice and visual search optimization,3,0.013636363636363636
privacy compliance (gdpr),3,0.013636363636363636
linq,3,0.013636363636363636
react/vue frameworks advanced,3,0.013636363636363636
persuasive writing,3,0.013636363636363636
voice search optimization,3,0.013636363636363636
visual search optimization,3,0.013636363636363636
technical seo,3,0.013636363636363636
content strategy and seo copywriting,3,0.013636363636363636
advanced copywriting and editing,3,0.013636363636363636
cryptography,3,0.013636363636363636
linux and windows security,3,0.013636363636363636
"advanced python, c/c++, javascript",3,0.013636363636363636
"metasploit, burp suite, nmap, sqlmap",3,0.013636363636363636
"compliance (nist, iso)",3,0.013636363636363636
expert network security,3,0.013636363636363636
data analysis and experimentation,3,0.013636363636363636
user experience research,3,0.013636363636363636
metrics-driven product growth,3,0.013636363636363636
resource prioritization,3,0.013636363636363636
"tools: jira, confluence, tableau, figma",3,0.013636363636363636
product vision and strategic planning,3,0.013636363636363636
roadmap development and execution,3,0.013636363636363636
data analysis and a/b testing,3,0.013636363636363636
testing with jest/enzyme,3,0.013636363636363636
vue basics,2,0.00909090909090909
seo strategy development,2,0.00909090909090909
collaboration and communication,2,0.00909090909090909
apache nifi basics,2,0.00909090909090909
cross-chain,2,0.00909090909090909
cross-chain solutions,2,0.00909090909090909
marketing analytics,2,0.00909090909090909
seo/sem optimization,2,0.00909090909090909
prompt optimization techniques,2,0.00909090909090909
chain-of-thought prompts,2,0.00909090909090909
multi-channel campaigns,2,0.00909090909090909
vulnerability management,2,0.00909090909090909
site speed optimization,2,0.00909090909090909
ai-driven seo tools,2,0.00909090909090909
content marketing optimization,2,0.00909090909090909
windows security,2,0.00909090909090909
iso 27001 basics,2,0.00909090909090909
jmeter basics,2,0.00909090909090909
functional and regression testing,2,0.00909090909090909
"monitoring: cloudwatch, azure monitor",2,0.00909090909090909
linux/windows expert,2,0.00909090909090909
linux and windows os expert,2,0.00909090909090909
network and application security,2,0.00909090909090909
communication and interpersonal skills,2,0.00909090909090909
windows security and ad,2,0.00909090909090909
penetration testing and vulnerability assessment,2,0.00909090909090909
"metasploit, burp suite, nmap, wireshark",2,0.00909090909090909
resource allocation basics,2,0.00909090909090909
collections framework,2,0.00909090909090909
java i/o,2,0.00909090909090909
java apis,2,0.00909090909090909
jdbc,2,0.00909090909090909
servlets,2,0.00909090909090909
risk and quality management,2,0.00909090909090909
advanced scheduling and budgeting,2,0.00909090909090909
reporting and dashboard creation,2,0.00909090909090909
"use of ms project, primavera, jira, trello",2,0.00909090909090909
advanced budgeting and resource allocation,2,0.00909090909090909
shell scripting,2,0.00909090909090909
vpc,2,0.00909090909090909
prometheus,2,0.00909090909090909
basic security awareness,2,0.00909090909090909
ux principles awareness,2,0.00909090909090909
cross-functional team leadership,2,0.00909090909090909
risk management and mitigation,2,0.00909090909090909
stakeholder management and negotiation,2,0.00909090909090909
budgeting and resource allocation,2,0.00909090909090909
"use of ms project, primavera, jira",2,0.00909090909090909
ui/ux advanced,2,0.00909090909090909
seo/sem/ppc management,2,0.00909090909090909
apis,2,0.00909090909090909
webapi,2,0.00909090909090909
gitlab ci,2,0.00909090909090909
circleci,2,0.00909090909090909
blockchain fundamentals,2,0.00909090909090909
financial knowledge basics,2,0.00909090909090909
api integration fundamentals,2,0.00909090909090909
financial domain knowledge,2,0.00909090909090909
information architecture basics,2,0.00909090909090909
product lifecycle basics,2,0.00909090909090909
test automation,2,0.00909090909090909
"ci/cd (jenkins, bamboo, azure devops)",2,0.00909090909090909
strategic qa planning,2,0.00909090909090909
"monitoring: cloudwatch, prometheus",2,0.00909090909090909
linux (kali linux/parrot os) basics,2,0.00909090909090909
basic seo,2,0.00909090909090909
"cloud platforms (aws, azure)",2,0.00909090909090909
cybersecurity compliance,2,0.00909090909090909
blockchain and smart contracts,2,0.00909090909090909
api & microservices architecture,2,0.00909090909090909
intro to ml,2,0.00909090909090909
quantitative modeling,2,0.00909090909090909
financial analysis and modeling,2,0.00909090909090909
introductory data science,2,0.00909090909090909
agility,2,0.00909090909090909
gpt model exposure,2,0.00909090909090909
nlp basics,2,0.00909090909090909
ai-driven personalization,2,0.00909090909090909
lead generation and crm integration,2,0.00909090909090909
ai-driven marketing and personalization,2,0.00909090909090909
data-driven optimization,2,0.00909090909090909
cross-channel campaign management,2,0.00909090909090909
budget and roi management,2,0.00909090909090909
"automation awareness: selenium, appium, cucumber",2,0.00909090909090909
virtualbox,2,0.00909090909090909
iam,2,0.00909090909090909
encryption,2,0.00909090909090909
microservices architecture,2,0.00909090909090909
cloud strategy,2,0.00909090909090909
azure networking,2,0.00909090909090909
workflow observation,2,0.00909090909090909
process awareness,2,0.00909090909090909
api testing basics,2,0.00909090909090909
"seo, sem, ppc campaigns",2,0.00909090909090909
cross-channel campaign coordination,2,0.00909090909090909
networking & storage,2,0.00909090909090909
fact-checking,2,0.00909090909090909
smart contract testing,2,0.00909090909090909
docker introduction,2,0.00909090909090909
cloud storage basics,2,0.00909090909090909
kpi reporting,2,0.00909090909090909
cybersecurity and compliance,2,0.00909090909090909
hardware integration,2,0.00909090909090909
docker/kubernetes basics,2,0.00909090909090909
security protocols,2,0.00909090909090909
wordpress basics,2,0.00909090909090909
digital marketing basics,2,0.00909090909090909
blog and article writing,2,0.00909090909090909
keyword usage,2,0.00909090909090909
intellij,2,0.00909090909090909
ai-driven marketing strategies,2,0.00909090909090909
ux/ui integration,2,0.00909090909090909
lead generation and crm management,2,0.00909090909090909
multi-channel campaign coordination,2,0.00909090909090909
advanced digital marketing campaigns,2,0.00909090909090909
content marketing strategy,2,0.00909090909090909
budget planning,2,0.00909090909090909
ai-powered marketing tools,2,0.00909090909090909
digital strategy development,2,0.00909090909090909
ppc campaigns management,2,0.00909090909090909
"analytics and reporting (ga, tableau, mixpanel)",2,0.00909090909090909
linux/windows,2,0.00909090909090909
ci/cd introduction,2,0.00909090909090909
black-box testing,2,0.00909090909090909
palo alto,2,0.00909090909090909
firewalls,2,0.00909090909090909
f5 load balancer,2,0.00909090909090909
unit/integration/e2e testing,2,0.00909090909090909
web security,2,0.00909090909090909
monitoring & logging,2,0.00909090909090909
brand strategy and ux design,2,0.00909090909090909
"automation: selenium, appium, cucumber, testng",2,0.00909090909090909
ids/ips intro,2,0.00909090909090909
serverless,2,0.00909090909090909
game mechanics fundamentals,2,0.00909090909090909
physics basics,2,0.00909090909090909
animation basics,2,0.00909090909090909
directx basics,2,0.00909090909090909
opengl basics,2,0.00909090909090909
game mechanics basics,2,0.00909090909090909
physics and animation basics,2,0.00909090909090909
bgp,2,0.00909090909090909
cloud networking,2,0.00909090909090909
test documentation & reporting,2,0.00909090909090909
brand and ux strategy,2,0.00909090909090909
"automation: selenium, appium, cucumber, junit, testng",2,0.00909090909090909
advanced digital marketing strategies,2,0.00909090909090909
seo and sem optimization,2,0.00909090909090909
content creation and social media marketing,2,0.00909090909090909
ux design integration,2,0.00909090909090909
pid controllers,2,0.00909090909090909
blender/maya basics,2,0.00909090909090909
unity advanced,2,0.00909090909090909
unreal engine advanced,2,0.00909090909090909
arkit advanced,2,0.00909090909090909
arcore advanced,2,0.00909090909090909
vuforia,2,0.00909090909090909
ospf,2,0.00909090909090909
seo keyword research,2,0.00909090909090909
fact-checking and research,2,0.00909090909090909
"iac (terraform, ansible, puppet)",2,0.00909090909090909
content creation and copywriting,2,0.00909090909090909
solidworks basics,2,0.00909090909090909
autocad basics,2,0.00909090909090909
editing and fact-checking,2,0.00909090909090909
"digital marketing tools (google analytics, semrush, hubspot)",2,0.00909090909090909
etl pipeline design,2,0.00909090909090909
sql & database management,2,0.00909090909090909
sql queries,2,0.00909090909090909
business metrics awareness,2,0.00909090909090909
kpi understanding,2,0.00909090909090909
"feature engineering, etl pipelines",2,0.00909090909090909
physics,2,0.00909090909090909
testing and debugging,2,0.00909090909090909
ai and gameplay systems,2,0.00909090909090909
physics and collision handling,2,0.00909090909090909
"ci/cd: jenkins, gitlab ci/cd",2,0.00909090909090909
lidar and vision sensors,2,0.00909090909090909
maya basics,2,0.00909090909090909
"frameworks: tensorflow, pytorch, keras, scikit-learn (advanced)",2,0.00909090909090909
"big data: spark, hadoop",2,0.00909090909090909
"infrastructure as code (terraform, ansible, puppet)",2,0.00909090909090909
"monitoring (prometheus, grafana, elk stack, nagios, splunk)",2,0.00909090909090909
"ci/cd pipelines (jenkins, github actions)",2,0.00909090909090909
sensor integration basics,2,0.00909090909090909
blogging,2,0.00909090909090909
jupyter,2,0.00909090909090909
seo and keyword optimization,2,0.00909090909090909
servo motors basics,2,0.00909090909090909
mlops,2,0.00909090909090909
apache spark,2,0.00909090909090909
model monitoring,2,0.00909090909090909
seo and sem fundamentals,2,0.00909090909090909
control algorithms,2,0.00909090909090909
sensor integration and fusion,2,0.00909090909090909
windows administration,2,0.00909090909090909
"infrastructure as code (terraform, ansible, puppet, chef)",2,0.00909090909090909
ui basics,2,0.00909090909090909
branding,2,0.00909090909090909
"visualization: matplotlib, seaborn",2,0.00909090909090909
ar/vr design,2,0.00909090909090909
json handling,2,0.00909090909090909
advanced gameplay and ai,2,0.00909090909090909
windows server administration,2,0.00909090909090909
security and compliance knowledge,2,0.00909090909090909
python fundamentals,2,0.00909090909090909
terraform awareness,2,0.00909090909090909
ansible awareness,2,0.00909090909090909
bash basics,2,0.00909090909090909
content strategy leadership,2,0.00909090909090909
databricks,2,0.00909090909090909
gcp bigquery,2,0.00909090909090909
aws emr,2,0.00909090909090909
etl,2,0.00909090909090909
etl fundamentals,2,0.00909090909090909
sensor integration,2,0.00909090909090909
actuator integration,2,0.00909090909090909
data collection,2,0.00909090909090909
business strategy,2,0.00909090909090909
"ml fundamentals: regression, classification, clustering, decision trees",2,0.00909090909090909
"ml libraries: scikit-learn, tensorflow, pytorch",2,0.00909090909090909
"gazebo, rviz simulation",2,0.00909090909090909
robotics control theory,2,0.00909090909090909
data cleaning,2,0.00909090909090909
innovation in robotics,2,0.00909090909090909
team mentoring,2,0.00909090909090909
innovation strategy,2,0.00909090909090909
kubernetes introduction,2,0.00909090909090909
windows os fundamentals,2,0.00909090909090909
"networking basics (tcp/ip, dns)",2,0.00909090909090909
sql querying,2,0.00909090909090909
etl process understanding,2,0.00909090909090909
coap basics,2,0.00909090909090909
embedded systems development,2,0.00909090909090909
mqtt,2,0.00909090909090909
coap,2,0.00909090909090909
crashlytics,2,0.00909090909090909
collaboration with marketing teams,2,0.00909090909090909
cms and ai tools,2,0.00909090909090909
collaboration and teamwork,2,0.00909090909090909
content calendar management,2,0.00909090909090909
java scripting,2,0.00909090909090909
linux administration expert,2,0.00909090909090909
compliance auditing,2,0.00909090909090909
firewall management,2,0.00909090909090909
on-page seo,2,0.00909090909090909
off-page seo basics,2,0.00909090909090909
iot architecture design,2,0.00909090909090909
real-time data analytics,2,0.00909090909090909
js,2,0.00909090909090909
basic data analysis,2,0.00909090909090909
excel charts and dashboards,2,0.00909090909090909
business acumen,2,0.00909090909090909
airflow basics,2,0.00909090909090909
spark fundamentals,2,0.00909090909090909
data modeling basics,2,0.00909090909090909
aws s3 basics,2,0.00909090909090909
brand voice alignment,2,0.00909090909090909
windows os basics,2,0.00909090909090909
link building basics,2,0.00909090909090909
local seo,2,0.00909090909090909
project strategy,2,0.00909090909090909
core javascript es6+,2,0.00909090909090909
excel advanced functions,2,0.00909090909090909
consumer behavior analysis,2,0.00909090909090909
iot architecture,2,0.00909090909090909
cloud platforms aws/azure/gcp,2,0.00909090909090909
"c, c++ advanced",2,0.00909090909090909
"advanced c, c++",2,0.00909090909090909
ai-assisted content optimization,2,0.00909090909090909
creativity and storytelling,2,0.00909090909090909
linux administration basics,2,0.00909090909090909
go programming,2,0.00909090909090909
nist basics,2,0.00909090909090909
collaboration and leadership,2,0.00909090909090909
brand consistency,2,0.00909090909090909
team leadership and collaboration,2,0.00909090909090909
axure,2,0.00909090909090909
budget and roi analysis,2,0.00909090909090909
team coordination,2,0.00909090909090909
emerging technologies in marketing,2,0.00909090909090909
seo/sem/ppc,2,0.00909090909090909
iot system architecture,2,0.00909090909090909
iot architecture and deployment,2,0.00909090909090909
search console basics,2,0.00909090909090909
local seo basics,2,0.00909090909090909
content strategy and optimization,2,0.00909090909090909
cms usage,2,0.00909090909090909
content research and accuracy,2,0.00909090909090909
solid principles,2,0.00909090909090909
rest api development,2,0.00909090909090909
"jest, cypress",2,0.00909090909090909
digital marketing fundamentals,2,0.00909090909090909
email marketing tools,2,0.00909090909090909
react/vue frameworks expert,2,0.00909090909090909
talend,2,0.00909090909090909
"hadoop (hdfs, mapreduce, hive)",2,0.00909090909090909
link building and outreach,2,0.00909090909090909
vb.net basics,2,0.00909090909090909
.net framework basics,2,0.00909090909090909
vue frameworks,2,0.00909090909090909
prompt optimization,2,0.00909090909090909
strategic content planning,2,0.00909090909090909
seo and analytics expertise,2,0.00909090909090909
privacy-compliant seo (gdpr),2,0.00909090909090909
jsp,2,0.00909090909090909
hibernate basics,2,0.00909090909090909
maven,2,0.00909090909090909
gradle,2,0.00909090909090909
junit basics,2,0.00909090909090909
junit,2,0.00909090909090909
hibernate,2,0.00909090909090909
prompt engineering fundamentals,2,0.00909090909090909
debugging ai-generated code,2,0.00909090909090909
react frameworks,2,0.00909090909090909
innovation strategies,2,0.00909090909090909
stakeholder collaboration,2,0.00909090909090909
agile methodology awareness,2,0.00909090909090909
razor,2,0.00909090909090909
nunit basics,2,0.00909090909090909
.net core basics,2,0.00909090909090909
.net core fundamentals,1,0.004545454545454545
unit testing basics,1,0.004545454545454545
cross-chain development,1,0.004545454545454545
business process mapping,1,0.004545454545454545
analytics,1,0.004545454545454545
ux research,1,0.004545454545454545
wcag,1,0.004545454545454545
wcag standards,1,0.004545454545454545
accessibility standards,1,0.004545454545454545
user research fundamentals,1,0.004545454545454545
layout design,1,0.004545454545454545
basic usability testing,1,0.004545454545454545
animation,1,0.004545454545454545
ui/ux collaboration,1,0.004545454545454545
ai-powered analytics,1,0.004545454545454545
data interpretation,1,0.004545454545454545
kpi knowledge,1,0.004545454545454545
excel dashboards,1,0.004545454545454545
soap apis,1,0.004545454545454545
jpa,1,0.004545454545454545
concurrency,1,0.004545454545454545
jvm internals,1,0.004545454545454545
database basics,1,0.004545454545454545
spring basics,1,0.004545454545454545
html/css,1,0.004545454545454545
file handling,1,0.004545454545454545
database management,1,0.004545454545454545
multithreading basics,1,0.004545454545454545
java collections,1,0.004545454545454545
version control (git),1,0.004545454545454545
basic rest api knowledge,1,0.004545454545454545
spring framework basics,1,0.004545454545454545
sql (mysql/postgresql),1,0.004545454545454545
concurrency basics,1,0.004545454545454545
"rest api, graphql",1,0.004545454545454545
"testing frameworks (jest, mocha, cypress)",1,0.004545454545454545
"testing frameworks: jest, mocha, cypress",1,0.004545454545454545
advanced performance optimization,1,0.004545454545454545
"rest apis, graphql",1,0.004545454545454545
"webpack, babel, npm, yarn",1,0.004545454545454545
ajax/json,1,0.004545454545454545
event coordination,1,0.004545454545454545
video production basics,1,0.004545454545454545
"marketing automation tools (mailchimp, hubspot)",1,0.004545454545454545
system design,1,0.004545454545454545
version control (git/svn),1,0.004545454545454545
cassandra,1,0.004545454545454545
database tuning,1,0.004545454545454545
mockito,1,0.004545454545454545
angular/react,1,0.004545454545454545
prompt design optimization,1,0.004545454545454545
llm tuning,1,0.004545454545454545
api integration (openai/azure),1,0.004545454545454545
prompt iterative optimization,1,0.004545454545454545
nlp techniques,1,0.004545454545454545
rest api knowledge,1,0.004545454545454545
multi-channel campaign planning,1,0.004545454545454545
creative design tools,1,0.004545454545454545
social media basics,1,0.004545454545454545
team communication,1,0.004545454545454545
event management,1,0.004545454545454545
canva and adobe creative suite,1,0.004545454545454545
adobe creative suite basics,1,0.004545454545454545
social media platforms,1,0.004545454545454545
ppc ads,1,0.004545454545454545
canva and wordpress basics,1,0.004545454545454545
marketing strategy,1,0.004545454545454545
ai-powered marketing personalization,1,0.004545454545454545
analytics and roi reporting,1,0.004545454545454545
email marketing and automation,1,0.004545454545454545
seo/sem and ppc campaigns,1,0.004545454545454545
"emerging marketing technologies (ai tools, personalization)",1,0.004545454545454545
"analytics (ga, tableau)",1,0.004545454545454545
campaign coordination,1,0.004545454545454545
advanced seo/sem,1,0.004545454545454545
"data analysis (google analytics, tableau)",1,0.004545454545454545
lead nurturing,1,0.004545454545454545
multi-channel marketing campaigns,1,0.004545454545454545
"seo, sem, ppc expertise",1,0.004545454545454545
"analytics (google analytics, tableau)",1,0.004545454545454545
rest api integration,1,0.004545454545454545
material design,1,0.004545454545454545
lead generation campaigns,1,0.004545454545454545
real-time analytics and ml integration,1,0.004545454545454545
sensor fusion and actuator control,1,0.004545454545454545
embedded firmware and hardware interfacing,1,0.004545454545454545
"c, c++ expert",1,0.004545454545454545
real-time analytics and ml,1,0.004545454545454545
sensor integration and actuator management,1,0.004545454545454545
project execution,1,0.004545454545454545
content marketing and creation,1,0.004545454545454545
budget allocation,1,0.004545454545454545
campaign optimization,1,0.004545454545454545
data-driven analytics,1,0.004545454545454545
content creation and strategy,1,0.004545454545454545
seo/sem/ppc campaigns,1,0.004545454545454545
leadership and team management,1,0.004545454545454545
email marketing,1,0.004545454545454545
sensor fusion and actuator integration,1,0.004545454545454545
embedded firmware optimization,1,0.004545454545454545
advanced sensor integration,1,0.004545454545454545
iot architecture and design,1,0.004545454545454545
network optimization,1,0.004545454545454545
budget planning and optimization,1,0.004545454545454545
analytics and roi optimization,1,0.004545454545454545
digital campaigns management,1,0.004545454545454545
advanced marketing strategy,1,0.004545454545454545
lead generation and multi-channel campaigns,1,0.004545454545454545
data analytics and reporting,1,0.004545454545454545
content creation and social media strategy,1,0.004545454545454545
ai-driven marketing tools,1,0.004545454545454545
campaign management,1,0.004545454545454545
advanced seo/sem/ppc,1,0.004545454545454545
marketing strategy and planning,1,0.004545454545454545
embedded firmware understanding,1,0.004545454545454545
cloud iot basics,1,0.004545454545454545
zigbee basics,1,0.004545454545454545
iterative prompt design,1,0.004545454545454545
data visualization,1,0.004545454545454545
machine learning analysis,1,0.004545454545454545
machine learning for prompt tuning,1,0.004545454545454545
embedded firmware design,1,0.004545454545454545
"tcp/ip, ipv6",1,0.004545454545454545
gcp iot advanced,1,0.004545454545454545
azure iot advanced,1,0.004545454545454545
aws iot advanced,1,0.004545454545454545
advanced c programming,1,0.004545454545454545
agile awareness,1,0.004545454545454545
bluetooth and zigbee protocols,1,0.004545454545454545
data pipelines and analytics,1,0.004545454545454545
interface builder,1,0.004545454545454545
web and mobile design,1,0.004545454545454545
3d design basics,1,0.004545454545454545
advanced adobe photoshop,1,0.004545454545454545
"ml fundamentals: supervised/unsupervised learning, classification, regression, clustering",1,0.004545454545454545
"ml basics: classification, regression, clustering, decision trees",1,0.004545454545454545
"ml fundamentals: classification, regression, clustering, supervised/unsupervised learning",1,0.004545454545454545
"ml fundamentals: supervised/unsupervised learning, regression, classification, clustering, decision trees",1,0.004545454545454545
advanced statistical analysis,1,0.004545454545454545
app performance optimization,1,0.004545454545454545
mvp,1,0.004545454545454545
xcode instruments,1,0.004545454545454545
core text,1,0.004545454545454545
coregraphics,1,0.004545454545454545
app store submission,1,0.004545454545454545
ui/ux guidelines,1,0.004545454545454545
advanced gameplay and ai systems,1,0.004545454545454545
gameplay systems and ai,1,0.004545454545454545
advanced gameplay systems,1,0.004545454545454545
gameplay systems,1,0.004545454545454545
"mlops: ci/cd, model monitoring, cloud deployment (aws/gcp/azure)",1,0.004545454545454545
"ml/dl: deep learning, reinforcement learning, nlp, computer vision, transfer learning",1,0.004545454545454545
"mlops: ci/cd, monitoring, cloud deployment (aws/gcp/azure)",1,0.004545454545454545
"advanced ml/dl: deep learning, nlp, reinforcement learning, computer vision, transfer learning",1,0.004545454545454545
feature engineering and etl automation,1,0.004545454545454545
"ml/dl: supervised/unsupervised learning, deep learning, reinforcement learning, nlp, computer vision, transfer learning",1,0.004545454545454545
statistics and probability,1,0.004545454545454545
"ml libraries: scikit-learn, tensorflow, pytorch, keras",1,0.004545454545454545
adobe indesign,1,0.004545454545454545
ai/gameplay systems,1,0.004545454545454545
objective-c basics,1,0.004545454545454545
basic debugging,1,0.004545454545454545
mobile game awareness,1,0.004545454545454545
animation fundamentals,1,0.004545454545454545
physics and collision basics,1,0.004545454545454545
mobile/console platform awareness,1,0.004545454545454545
firewalls basics,1,0.004545454545454545
vpn setup,1,0.004545454545454545
bgp (intro),1,0.004545454545454545
routing basics,1,0.004545454545454545
cisco switches,1,0.004545454545454545
"mlops: ci/cd pipelines, monitoring, cloud deployment (aws/gcp/azure)",1,0.004545454545454545
3d modeling fundamentals,1,0.004545454545454545
gameplay systems development,1,0.004545454545454545
mobile/console development basics,1,0.004545454545454545
advanced ai and gameplay,1,0.004545454545454545
graphics and performance optimization,1,0.004545454545454545
advanced ai and gameplay systems,1,0.004545454545454545
lan/wan design,1,0.004545454545454545
palo alto firewalls,1,0.004545454545454545
automation with ansible,1,0.004545454545454545
load balancers,1,0.004545454545454545
aws networking,1,0.004545454545454545
ids/ips,1,0.004545454545454545
zero trust security,1,0.004545454545454545
sd-wan,1,0.004545454545454545
network troubleshooting,1,0.004545454545454545
vpn basics,1,0.004545454545454545
python scripting basics,1,0.004545454545454545
switching,1,0.004545454545454545
basic routing,1,0.004545454545454545
incident management,1,0.004545454545454545
network monitoring,1,0.004545454545454545
nagios basics,1,0.004545454545454545
resource planning,1,0.004545454545454545
django/flask,1,0.004545454545454545
python (django/flask),1,0.004545454545454545
"advanced react (hooks, redux)",1,0.004545454545454545
testing automation,1,0.004545454545454545
advanced react,1,0.004545454545454545
cloud computing aws/azure,1,0.004545454545454545
advanced 3d graphics,1,0.004545454545454545
ui/ux design expert,1,0.004545454545454545
staff development,1,0.004545454545454545
sip,1,0.004545454545454545
voip,1,0.004545454545454545
architecture design,1,0.004545454545454545
eigrp,1,0.004545454545454545
python automation,1,0.004545454545454545
cisco prime,1,0.004545454545454545
process observation,1,0.004545454545454545
gesture and motion tracking,1,0.004545454545454545
"unity, unreal engine advanced",1,0.004545454545454545
"c++, c# advanced",1,0.004545454545454545
api & microservices design,1,0.004545454545454545
devops practices,1,0.004545454545454545
cloud platforms aws/azure,1,0.004545454545454545
financial modeling and analysis,1,0.004545454545454545
blockchain & smart contracts,1,0.004545454545454545
api design,1,0.004545454545454545
machine learning for analytics,1,0.004545454545454545
smart contracts development,1,0.004545454545454545
api and microservices architecture,1,0.004545454545454545
financial modeling and forecasting,1,0.004545454545454545
data reporting basics,1,0.004545454545454545
workflow awareness,1,0.004545454545454545
smart contracts implementation,1,0.004545454545454545
cross-functional team collaboration,1,0.004545454545454545
financial data analysis,1,0.004545454545454545
machine learning predictive modeling,1,0.004545454545454545
aws & azure cloud,1,0.004545454545454545
financial modeling,1,0.004545454545454545
ml analytics,1,0.004545454545454545
blockchain implementation,1,0.004545454545454545
api design and microservices,1,0.004545454545454545
cybersecurity,1,0.004545454545454545
report preparation,1,0.004545454545454545
basic erp/crm knowledge,1,0.004545454545454545
observation,1,0.004545454545454545
basic workflow management,1,0.004545454545454545
cross-functional coordination,1,0.004545454545454545
resource optimization,1,0.004545454545454545
product lifecycle understanding,1,0.004545454545454545
"tools: jira, confluence, figma basics",1,0.004545454545454545
"agile methodologies (scrum, kanban)",1,0.004545454545454545
ux/ui awareness,1,0.004545454545454545
"data analysis (excel, google analytics)",1,0.004545454545454545
front-end collaboration,1,0.004545454545454545
data-driven ux,1,0.004545454545454545
marvel,1,0.004545454545454545
basic javascript,1,0.004545454545454545
cloud basics (aws/azure),1,0.004545454545454545
api architecture and microservices,1,0.004545454545454545
predictive modeling and automation,1,0.004545454545454545
introductory ml,1,0.004545454545454545
cybersecurity fundamentals,1,0.004545454545454545
intro to machine learning,1,0.004545454545454545
machine learning and ai analytics,1,0.004545454545454545
data analysis and metrics interpretation,1,0.004545454545454545
"tools: jira, confluence",1,0.004545454545454545
"agile (scrum, kanban basics)",1,0.004545454545454545
ux awareness,1,0.004545454545454545
"data analysis (excel, sql basics)",1,0.004545454545454545
market research and competitor analysis,1,0.004545454545454545
basic product management concepts,1,0.004545454545454545
"tools: confluence, figma",1,0.004545454545454545
agile methodology knowledge,1,0.004545454545454545
data analytics fundamentals,1,0.004545454545454545
product strategy basics,1,0.004545454545454545
"tools: jira, figma",1,0.004545454545454545
scrum and kanban basics,1,0.004545454545454545
customer-centric design awareness,1,0.004545454545454545
basic data analytics,1,0.004545454545454545
market research fundamentals,1,0.004545454545454545
linux/windows os expert,1,0.004545454545454545
web app security,1,0.004545454545454545
expert network and web security,1,0.004545454545454545
network and application security expert,1,0.004545454545454545
windows security expert,1,0.004545454545454545
"metasploit, burp suite, nmap, wireshark, sqlmap",1,0.004545454545454545
web security testing,1,0.004545454545454545
linux and windows expert,1,0.004545454545454545
advanced network security,1,0.004545454545454545
"bash, powershell",1,0.004545454545454545
sprint planning,1,0.004545454545454545
user research and ux integration,1,0.004545454545454545
roadmap development,1,0.004545454545454545
metrics-driven growth optimization,1,0.004545454545454545
"tools: figma, jira, confluence",1,0.004545454545454545
agile knowledge,1,0.004545454545454545
multitasking,1,0.004545454545454545
kpi tracking and reporting basics,1,0.004545454545454545
"familiarity with microsoft project, jira, trello",1,0.004545454545454545
basic budgeting and resource allocation,1,0.004545454545454545
"basic knowledge of project management methodologies (agile, scrum, waterfall)",1,0.004545454545454545
"tools: figma, mixpanel, tableau, ga",1,0.004545454545454545
product vision,1,0.004545454545454545
"tools: jira, confluence, tableau, mixpanel",1,0.004545454545454545
web application and network security,1,0.004545454545454545
network penetration testing,1,0.004545454545454545
cryptography and ssl/tls,1,0.004545454545454545
"metasploit, nmap, burp suite, sqlmap, wireshark",1,0.004545454545454545
linux and windows security expert,1,0.004545454545454545
compliance awareness,1,0.004545454545454545
"security frameworks (nist, iso)",1,0.004545454545454545
network and web security,1,0.004545454545454545
basic knowledge of waterfall and agile,1,0.004545454545454545
risk assessment,1,0.004545454545454545
"metasploit, nmap, burp suite, sqlmap",1,0.004545454545454545
web app security testing,1,0.004545454545454545
linux (kali/parrot) advanced,1,0.004545454545454545
network security expert,1,0.004545454545454545
compliance and risk assessment,1,0.004545454545454545
"linux (kali, parrot) expert",1,0.004545454545454545
advanced networking,1,0.004545454545454545
"advanced python, c/c++",1,0.004545454545454545
ethical mindset,1,0.004545454545454545
reporting basics,1,0.004545454545454545
budgeting basics,1,0.004545454545454545
familiarity with jira and trello,1,0.004545454545454545
basic project planning and scheduling,1,0.004545454545454545
understanding of agile and scrum methodologies,1,0.004545454545454545
strategic alignment with business goals,1,0.004545454545454545
data-driven reporting and dashboards,1,0.004545454545454545
advanced project planning and scheduling,1,0.004545454545454545
familiarity with ms project and trello,1,0.004545454545454545
basic project planning,1,0.004545454545454545
"understanding of agile, scrum, waterfall",1,0.004545454545454545
task scheduling,1,0.004545454545454545
basic budgeting,1,0.004545454545454545
"familiarity with jira, ms project, trello",1,0.004545454545454545
teamwork and collaboration,1,0.004545454545454545
project management methodology basics,1,0.004545454545454545
reporting and documentation,1,0.004545454545454545
"familiarity with project tools (ms project, trello)",1,0.004545454545454545
problem-solving and critical thinking,1,0.004545454545454545
communication and coordination,1,0.004545454545454545
task and milestone tracking,1,0.004545454545454545
linux (kali/parrot os) basics,1,0.004545454545454545
3d modeling and animation expert,1,0.004545454545454545
cross-platform optimization,1,0.004545454545454545
3d modeling and graphics,1,0.004545454545454545
"basic knowledge of nmap, burp suite",1,0.004545454545454545
vulnerability assessment basics,1,0.004545454545454545
penetration testing fundamentals,1,0.004545454545454545
"familiarity with metasploit, wireshark",1,0.004545454545454545
vulnerability scanning,1,0.004545454545454545
linux and windows os basics,1,0.004545454545454545
basic cryptography knowledge,1,0.004545454545454545
"familiarity with nmap, sqlmap",1,0.004545454545454545
advanced project planning,1,0.004545454545454545
data-driven reporting,1,0.004545454545454545
"use of jira, ms project, primavera",1,0.004545454545454545
project scheduling and execution,1,0.004545454545454545
advanced project management,1,0.004545454545454545
"use of project management tools (ms project, primavera, jira, trello, asana)",1,0.004545454545454545
project strategy and execution,1,0.004545454545454545
"advanced scheduling, budgeting, and resource allocation",1,0.004545454545454545
team management and conflict resolution,1,0.004545454545454545
project lifecycle management,1,0.004545454545454545
"use of project management tools (ms project, jira, trello)",1,0.004545454545454545
web app security basics,1,0.004545454545454545
introductory penetration testing,1,0.004545454545454545
linux/windows os fundamentals,1,0.004545454545454545
ethical compliance,1,0.004545454545454545
familiarity with metasploit and burp suite,1,0.004545454545454545
vulnerability scanning basics,1,0.004545454545454545
basic cryptography understanding,1,0.004545454545454545
familiarity with nmap and wireshark,1,0.004545454545454545
basic vulnerability assessment,1,0.004545454545454545
data-driven strategy implementation,1,0.004545454545454545
ai-driven personalization and marketing automation,1,0.004545454545454545
budget management and roi optimization,1,0.004545454545454545
team leadership and mentorship,1,0.004545454545454545
brand strategy and ux design integration,1,0.004545454545454545
seo/sem/ppc campaign management,1,0.004545454545454545
openai gpt basics,1,0.004545454545454545
openai gpt intro,1,0.004545454545454545
intro nlp,1,0.004545454545454545
introductory nlp,1,0.004545454545454545
openai gpt model basics,1,0.004545454545454545
nlp introduction,1,0.004545454545454545
openai gpt models exposure,1,0.004545454545454545
budgeting and resource management,1,0.004545454545454545
project planning and execution,1,0.004545454545454545
stakeholder engagement and communication,1,0.004545454545454545
ux and ui design integration,1,0.004545454545454545
"crm and automation tools (hubspot, marketo, salesforce)",1,0.004545454545454545
hugging face transformers basics,1,0.004545454545454545
stakeholder management and communication,1,0.004545454545454545
stakeholder engagement and negotiation,1,0.004545454545454545
advanced project planning and execution,1,0.004545454545454545
"use of project management software (ms project, jira, trello, asana)",1,0.004545454545454545
"use of pm tools (ms project, jira, trello, asana)",1,0.004545454545454545
stakeholder communication and engagement,1,0.004545454545454545
advanced project scheduling and planning,1,0.004545454545454545
"advanced prompt design (chain-of-thought, iterative optimization)",1,0.004545454545454545
deep nlp expertise,1,0.004545454545454545
budget management and roi tracking,1,0.004545454545454545
"analytics (ga, tableau, mixpanel)",1,0.004545454545454545
data-driven decisions,1,0.004545454545454545
ai-driven marketing,1,0.004545454545454545
"crm tools (hubspot, salesforce)",1,0.004545454545454545
ppc campaign optimization,1,0.004545454545454545
advanced seo and sem,1,0.004545454545454545
multi-channel marketing strategy,1,0.004545454545454545
cucumber awareness,1,0.004545454545454545
"manual testing: functional, regression, black-box",1,0.004545454545454545
pytest advanced,1,0.004545454545454545
openai gpt models intro,1,0.004545454545454545
data-driven campaign strategies,1,0.004545454545454545
ai-driven marketing solutions,1,0.004545454545454545
budget planning and roi optimization,1,0.004545454545454545
brand strategy and ux integration,1,0.004545454545454545
advanced digital marketing strategy,1,0.004545454545454545
conversion rate optimization,1,0.004545454545454545
ai marketing tools,1,0.004545454545454545
data-driven marketing decisions,1,0.004545454545454545
"crm tools (hubspot, salesforce, marketo)",1,0.004545454545454545
"email automation tools (hubspot, marketo)",1,0.004545454545454545
social media campaigns,1,0.004545454545454545
"marketing analytics (tableau, mixpanel, ga)",1,0.004545454545454545
emerging marketing technologies (ai-driven personalization),1,0.004545454545454545
budget and roi optimization,1,0.004545454545454545
"bug & test management: jira, bugzilla, quality center",1,0.004545454545454545
"ci/cd integration: jenkins, gitlab ci/cd, bamboo",1,0.004545454545454545
"test automation: selenium, appium, cucumber, junit, testng",1,0.004545454545454545
"automation: selenium, appium, cucumber basic knowledge",1,0.004545454545454545
"automation tools awareness: selenium, appium, cucumber",1,0.004545454545454545
"basic automation: selenium webdriver, appium, cucumber",1,0.004545454545454545
digital campaign strategy,1,0.004545454545454545
data-driven campaign optimization,1,0.004545454545454545
"advanced analytics (google analytics, tableau, mixpanel)",1,0.004545454545454545
ai-powered marketing solutions,1,0.004545454545454545
instagram and linkedin marketing basics,1,0.004545454545454545
google ads and facebook ads basics,1,0.004545454545454545
"performance testing: load, stress testing",1,0.004545454545454545
"api testing: postman, soapui, appium",1,0.004545454545454545
performance & security testing: loadrunner,1,0.004545454545454545
"bug tracking & documentation: jira, bugzilla, testrail",1,0.004545454545454545
"performance & security testing: load, stress, vulnerability testing",1,0.004545454545454545
"bug tracking: jira, bugzilla",1,0.004545454545454545
"api testing: postman, soapui",1,0.004545454545454545
"performance & security testing: load, stress, security testing",1,0.004545454545454545
"crm tools (hubspot, marketo, salesforce)",1,0.004545454545454545
multi-channel campaign integration,1,0.004545454545454545
crm and marketing automation tools,1,0.004545454545454545
"marketing analytics (google analytics, tableau, mixpanel)",1,0.004545454545454545
advanced digital campaigns,1,0.004545454545454545
ux integration,1,0.004545454545454545
email marketing tools basics,1,0.004545454545454545
digital advertising basics,1,0.004545454545454545
basic marketing automation,1,0.004545454545454545
cms (wordpress),1,0.004545454545454545
blogging and copywriting,1,0.004545454545454545
seo/sem fundamentals,1,0.004545454545454545
"instagram, linkedin basics",1,0.004545454545454545
facebook ads manager,1,0.004545454545454545
google ads,1,0.004545454545454545
social media marketing basics,1,0.004545454545454545
cms (wordpress) basics,1,0.004545454545454545
"sensors basics (lidar, ultrasonic, infrared)",1,0.004545454545454545
"marketing automation tools (hubspot, marketo, salesforce)",1,0.004545454545454545
"analytics and reporting (google analytics, tableau, mixpanel)",1,0.004545454545454545
cms tools (wordpress),1,0.004545454545454545
"email marketing (mailchimp, hubspot basics)",1,0.004545454545454545
google ads basics,1,0.004545454545454545
api automation,1,0.004545454545454545
linux/unix,1,0.004545454545454545
devsecops,1,0.004545454545454545
elk stack,1,0.004545454545454545
chef,1,0.004545454545454545
puppet,1,0.004545454545454545
advanced c++,1,0.004545454545454545
pid fundamentals,1,0.004545454545454545
motor control,1,0.004545454545454545
lidar and infrared sensors basics,1,0.004545454545454545
pid control basics,1,0.004545454545454545
lidar and ultrasonic sensors basics,1,0.004545454545454545
embedded systems basics,1,0.004545454545454545
pid controller fundamentals,1,0.004545454545454545
cms knowledge,1,0.004545454545454545
"basic ml: logistic regression, clustering, decision trees",1,0.004545454545454545
"basic ml models: decision trees, k-means, logistic regression",1,0.004545454545454545
"basic ml algorithms: regression, classification, clustering",1,0.004545454545454545
"basic ml: classification, clustering",1,0.004545454545454545
"basic ml: logistic regression, decision trees, k-means",1,0.004545454545454545
"gazebo, rviz",1,0.004545454545454545
advanced control theory,1,0.004545454545454545
machine learning basics for robotics,1,0.004545454545454545
arduino/raspberry pi advanced,1,0.004545454545454545
embedded systems,1,0.004545454545454545
control theory,1,0.004545454545454545
time-series modeling,1,0.004545454545454545
"email marketing tools (mailchimp, hubspot) basics",1,0.004545454545454545
linkedin marketing basics,1,0.004545454545454545
instagram marketing basics,1,0.004545454545454545
facebook ads manager basics,1,0.004545454545454545
azure data lake,1,0.004545454545454545
aws redshift,1,0.004545454545454545
data partitioning,1,0.004545454545454545
apache kafka,1,0.004545454545454545
aws s3,1,0.004545454545454545
aws cloud basics,1,0.004545454545454545
aws beginner,1,0.004545454545454545
airflow fundamentals,1,0.004545454545454545
ml in robotics,1,0.004545454545454545
machine learning applications,1,0.004545454545454545
ros advanced development,1,0.004545454545454545
advanced cad/solidworks,1,0.004545454545454545
"simulation tools (gazebo, rviz)",1,0.004545454545454545
"basic ml: regression, classification, clustering",1,0.004545454545454545
"hadoop (hdfs, mapreduce, hive, pig)",1,0.004545454545454545
hipaa compliance,1,0.004545454545454545
aws security,1,0.004545454545454545
network defense,1,0.004545454545454545
product demonstrations,1,0.004545454545454545
sales automation awareness,1,0.004545454545454545
digital sales fundamentals,1,0.004545454545454545
advanced robotics control algorithms,1,0.004545454545454545
control algorithms advanced,1,0.004545454545454545
control systems advanced,1,0.004545454545454545
etl tools introduction,1,0.004545454545454545
hadoop fundamentals,1,0.004545454545454545
data engineering,1,0.004545454545454545
etl workflows,1,0.004545454545454545
statistical modeling,1,0.004545454545454545
data warehousing,1,0.004545454545454545
time-series forecasting,1,0.004545454545454545
azure synapse,1,0.004545454545454545
windows/linux basics,1,0.004545454545454545
firewall rules,1,0.004545454545454545
network security basics,1,0.004545454545454545
linux commands,1,0.004545454545454545
risk assessment basics,1,0.004545454545454545
mobile seo,1,0.004545454545454545
google search console,1,0.004545454545454545
"html, css, javascript basics",1,0.004545454545454545
time-series analysis,1,0.004545454545454545
machine learning algorithms,1,0.004545454545454545
advanced threat detection,1,0.004545454545454545
forensics,1,0.004545454545454545
soc operations,1,0.004545454545454545
threat intelligence,1,0.004545454545454545
gcp security,1,0.004545454545454545
azure security,1,0.004545454545454545
antivirus tools,1,0.004545454545454545
encryption basics,1,0.004545454545454545
firewall configuration,1,0.004545454545454545
cms and ai tools proficiency,1,0.004545454545454545
project and performance management,1,0.004545454545454545
advanced seo strategy,1,0.004545454545454545
seo copywriting,1,0.004545454545454545
site indexing basics,1,0.004545454545454545
crawlability checks,1,0.004545454545454545
schema markup basics,1,0.004545454545454545
technical seo basics,1,0.004545454545454545
"compliance (gdpr, pci-dss)",1,0.004545454545454545
logrhythm,1,0.004545454545454545
cloud security (aws/azure),1,0.004545454545454545
encryption fundamentals,1,0.004545454545454545
antivirus,1,0.004545454545454545
seo optimization and analytics,1,0.004545454545454545
digital marketing expertise,1,0.004545454545454545
ai and machine learning in seo,1,0.004545454545454545
schema markup and structured data implementation,1,0.004545454545454545
"crawlability, indexing, and site structure optimization",1,0.004545454545454545
ai-powered seo analytics,1,0.004545454545454545
site architecture optimization,1,0.004545454545454545
local & mobile seo,1,0.004545454545454545
performance measurement,1,0.004545454545454545
leadership and mentoring,1,0.004545454545454545
brand messaging and consistency,1,0.004545454545454545
kpi analysis,1,0.004545454545454545
multi-format copywriting,1,0.004545454545454545
digital marketing familiarity,1,0.004545454545454545
content adaptation for brand voice,1,0.004545454545454545
digital marketing channels and tools,1,0.004545454545454545
off-page seo,1,0.004545454545454545
"analytics (ga4, search console, looker studio)",1,0.004545454545454545
page speed and performance optimization,1,0.004545454545454545
"analytics and reporting (ga4, looker studio)",1,0.004545454545454545
crawlability and indexing optimization,1,0.004545454545454545
seo strategy and planning,1,0.004545454545454545
schema markup implementation,1,0.004545454545454545
link building and backlink analysis,1,0.004545454545454545
advanced content optimization,1,0.004545454545454545
local seo and voice search optimization,1,0.004545454545454545
page speed and mobile optimization,1,0.004545454545454545
advanced on-page and off-page seo,1,0.004545454545454545
brand messaging,1,0.004545454545454545
hadoop ecosystem basics,1,0.004545454545454545
apache nifi,1,0.004545454545454545
"nosql basics (mongodb, hbase)",1,0.004545454545454545
digital marketing channel familiarity,1,0.004545454545454545
email and social media familiarity,1,0.004545454545454545
adaptable writing style,1,0.004545454545454545
research and accuracy,1,0.004545454545454545
basic seo practices,1,0.004545454545454545
content editing and proofreading,1,0.004545454545454545
persuasive copywriting,1,0.004545454545454545
ai writing tool awareness,1,0.004545454545454545
"cms basics (wordpress, hubspot)",1,0.004545454545454545
seo strategy and execution,1,0.004545454545454545
off-page optimization,1,0.004545454545454545
on-page optimization,1,0.004545454545454545
local seo strategy,1,0.004545454545454545
link building campaigns,1,0.004545454545454545
basic link building,1,0.004545454545454545
social media seo basics,1,0.004545454545454545
basic automation scripts,1,0.004545454545454545
"monitoring tools intro (prometheus, grafana)",1,0.004545454545454545
cloud platforms basics (aws/azure/gcp),1,0.004545454545454545
linux os basics,1,0.004545454545454545
shell scripting (bash/zsh),1,0.004545454545454545
basic ci/cd concepts,1,0.004545454545454545
tcp/ip networking basics,1,0.004545454545454545
monitoring basics (prometheus/grafana/nagios),1,0.004545454545454545
cloud fundamentals (aws/azure/gcp),1,0.004545454545454545
"analytics (ga4, looker studio, search console)",1,0.004545454545454545
seo strategy and roadmap,1,0.004545454545454545
mobile seo basics,1,0.004545454545454545
content optimization basics,1,0.004545454545454545
on-page seo basics,1,0.004545454545454545
mobile seo optimization,1,0.004545454545454545
"analytics (ga4, looker studio)",1,0.004545454545454545
grammar and punctuation mastery,1,0.004545454545454545
clear and persuasive writing,1,0.004545454545454545
comprehensive content strategy,1,0.004545454545454545
"digital marketing tools (ga, semrush, hubspot)",1,0.004545454545454545
adaptable tone and style,1,0.004545454545454545
ai tools exposure,1,0.004545454545454545
writing clarity,1,0.004545454545454545
collaboration and mentoring,1,0.004545454545454545
bash/shell scripting,1,0.004545454545454545
tcp/ip networking,1,0.004545454545454545
intro to monitoring (prometheus/grafana),1,0.004545454545454545
"cloud fundamentals (aws, gcp, azure)",1,0.004545454545454545
"basic monitoring (nagios, grafana)",1,0.004545454545454545
containerization basics (docker),1,0.004545454545454545
introduction to cloud platforms,1,0.004545454545454545
linux administration fundamentals,1,0.004545454545454545
adaptation of tone and style,1,0.004545454545454545
digital marketing tools proficiency,1,0.004545454545454545
advanced seo techniques,1,0.004545454545454545
"digital marketing tools (ga4, semrush, hubspot)",1,0.004545454545454545
advanced seo and keyword optimization,1,0.004545454545454545
"digital marketing tools (ga, semrush)",1,0.004545454545454545
content strategy planning,1,0.004545454545454545
content formatting,1,0.004545454545454545
ai tool awareness,1,0.004545454545454545
"networking (tcp/ip, dns, load balancing)",1,0.004545454545454545
"cloud platforms expert (aws, azure, gcp)",1,0.004545454545454545
"monitoring basics (nagios, grafana)",1,0.004545454545454545
cloud platform basics (aws/azure/gcp),1,0.004545454545454545
windows fundamentals,1,0.004545454545454545
familiarity with digital marketing channels,1,0.004545454545454545
proofreading and editing,1,0.004545454545454545
collaboration with marketing and design teams,1,0.004545454545454545
analytics and performance measurement,1,0.004545454545454545
cms and ai writing tools,1,0.004545454545454545
"digital marketing tools (google analytics, semrush)",1,0.004545454545454545
bash scripting expert,1,0.004545454545454545
automation and scripting,1,0.004545454545454545
"ci/cd pipelines expert (jenkins, bamboo, github actions)",1,0.004545454545454545
distributed systems management,1,0.004545454545454545
"monitoring and logging tools (prometheus, grafana, elk stack)",1,0.004545454545454545
"infrastructure as code (terraform, ansible)",1,0.004545454545454545
writing clarity and grammar,1,0.004545454545454545
ai writing tool exposure,1,0.004545454545454545
basic writing and grammar,1,0.004545454545454545
collaboration and team management,1,0.004545454545454545
advanced seo skills,1,0.004545454545454545
ai content tools awareness,1,0.004545454545454545
analytics basics,1,0.004545454545454545
"multi-format content creation (blogs, social media, video scripts)",1,0.004545454545454545
wordpress or cms proficiency,1,0.004545454545454545
social media content,1,0.004545454545454545
advanced writing skills,1,0.004545454545454545
"cloud (aws, azure, gcp)",1,0.004545454545454545
"monitoring (prometheus, grafana, elk, nagios, splunk)",1,0.004545454545454545
"ci/cd (jenkins, bamboo, github actions)",1,0.004545454545454545
"aws, azure, gcp expert",1,0.004545454545454545
"python, go",1,0.004545454545454545
"aws, azure, gcp",1,0.004545454545454545
distributed systems design and management,1,0.004545454545454545
writing and grammar,1,0.004545454545454545
collaboration with teams,1,0.004545454545454545
"multi-format content creation (blogs, whitepapers, social media, scripts)",1,0.004545454545454545
seo and keyword research,1,0.004545454545454545
github,1,0.004545454545454545
clarity in writing,1,0.004545454545454545
"scripting: python, bash, powershell",1,0.004545454545454545
algorithms,1,0.004545454545454545
javascript/typescript,1,0.004545454545454545
"ml libraries (scikit-learn, pandas)",1,0.004545454545454545
"monitoring & logging expert (prometheus, grafana, elk, nagios, splunk)",1,0.004545454545454545
ci/cd pipelines expert,1,0.004545454545454545
linux/windows administration expert,1,0.004545454545454545
"ci/cd pipelines (jenkins, github actions, bamboo)",1,0.004545454545454545
monitoring & logging tools,1,0.004545454545454545
"networking (tcp/ip, dns, cdn, load balancing)",1,0.004545454545454545
"cloud expert (aws, azure, gcp)",1,0.004545454545454545
"monitoring & logging (prometheus, grafana, elk)",1,0.004545454545454545
"iac (terraform, ansible)",1,0.004545454545454545
seo optimization and backlinking,1,0.004545454545454545
"sql, nosql, s3, azure blob",1,0.004545454545454545
terraform/cloudformation/ansible,1,0.004545454545454545
"database & storage: sql, nosql, s3, azure blob storage",1,0.004545454545454545
"networking: vpc, load balancers, dns, firewall rules",1,0.004545454545454545
"monitoring & logging: cloudwatch, prometheus, elk",1,0.004545454545454545
"cloud security: iam, rbac, encryption, compliance",1,0.004545454545454545
testing with xunit,1,0.004545454545454545
testing with nunit,1,0.004545454545454545
dapper,1,0.004545454545454545
blazor,1,0.004545454545454545
signalr,1,0.004545454545454545
jupyter notebook,1,0.004545454545454545
game development,1,0.004545454545454545
unity,1,0.004545454545454545
trello,1,0.004545454545454545
pycharm,1,0.004545454545454545
gcp big data services,1,0.004545454545454545
azure big data services,1,0.004545454545454545
aws big data services,1,0.004545454545454545
scala advanced,1,0.004545454545454545
"hadoop (hdfs, hive, mapreduce)",1,0.004545454545454545
terraform/cloudformation knowledge,1,0.004545454545454545
terraform/cloudformation awareness,1,0.004545454545454545
"ci/cd integration (jenkins, bamboo)",1,0.004545454545454545
agile/scrum knowledge,1,0.004545454545454545
agile understanding,1,0.004545454545454545
basic jenkins,1,0.004545454545454545
agile/scrum understanding,1,0.004545454545454545
express,1,0.004545454545454545
iot basics,1,0.004545454545454545
rust,1,0.004545454545454545
moq,1,0.004545454545454545
cloudwatch,1,0.004545454545454545
git/github/gitlab,1,0.004545454545454545
iam basics,1,0.004545454545454545
"monitoring: cloudwatch, prometheus, azure monitor",1,0.004545454545454545
cloud cost management,1,0.004545454545454545
hybrid cloud design,1,0.004545454545454545
serverless computing,1,0.004545454545454545
javascript fundamentals,1,0.004545454545454545
google cloud fundamentals,1,0.004545454545454545
automation strategy,1,0.004545454545454545
defect metrics,1,0.004545454545454545
defect management metrics,1,0.004545454545454545
"ci/cd integration (jenkins, azure devops)",1,0.004545454545454545
test automation strategy,1,0.004545454545454545
jenkins/github actions,1,0.004545454545454545
mllib basics,1,0.004545454545454545
cloud migration,1,0.004545454545454545
sdn,1,0.004545454545454545
hybrid cloud,1,0.004545454545454545
cloud cost optimization,1,0.004545454545454545
serverless architecture,1,0.004545454545454545
multi-cloud strategy,1,0.004545454545454545
kubernetes orchestration,1,0.004545454545454545
introductory docker/kubernetes knowledge,1,0.004545454545454545
introductory security awareness,1,0.004545454545454545
basic microservices understanding,1,0.004545454545454545
basic ci/cd and devops exposure,1,0.004545454545454545
introductory node.js knowledge,1,0.004545454545454545
basic security and compliance awareness,1,0.004545454545454545
basic container orchestration knowledge,1,0.004545454545454545
java fundamentals,1,0.004545454545454545
basic architecture design,1,0.004545454545454545
cloud database basics,1,0.004545454545454545
basic networking,1,0.004545454545454545
interviewing smes,1,0.004545454545454545
technical accuracy,1,0.004545454545454545
enterprise architecture,1,0.004545454545454545
scripting fundamentals,1,0.004545454545454545
windows server basics,1,0.004545454545454545
system architecture,1,0.004545454545454545
automation scripts,1,0.004545454545454545
hyper-v,1,0.004545454545454545
aws iam,1,0.004545454545454545
perl basics,1,0.004545454545454545
cloud concepts,1,0.004545454545454545
multi-cloud architecture,1,0.004545454545454545
security integration,1,0.004545454545454545
database migration,1,0.004545454545454545
etl knowledge,1,0.004545454545454545
business process knowledge,1,0.004545454545454545
smart contracts basics,1,0.004545454545454545
test case writing,1,0.004545454545454545
basic html,1,0.004545454545454545
grammar and style,1,0.004545454545454545
advanced editing,1,0.004545454545454545
technical documentation,1,0.004545454545454545
iam fundamentals,1,0.004545454545454545
cloud security fundamentals,1,0.004545454545454545
remix ide basics,1,0.004545454545454545
truffle basics,1,0.004545454545454545
smart contract development and testing,1,0.004545454545454545
hadoop ecosystem,1,0.004545454545454545
aws multi-cloud,1,0.004545454545454545
cloud security compliance,1,0.004545454545454545
etl process awareness,1,0.004545454545454545
excel charts and pivot tables,1,0.004545454545454545
etl awareness,1,0.004545454545454545
postgresql basics,1,0.004545454545454545
ui/ux design basics,1,0.004545454545454545
responsive layouts,1,0.004545454545454545
usability basics,1,0.004545454545454545
branding basics,1,0.004545454545454545
statistics,1,0.004545454545454545
etl process knowledge,1,0.004545454545454545
excel visualization,1,0.004545454545454545
kpi definition,1,0.004545454545454545
data integration,1,0.004545454545454545
complex sql queries,1,0.004545454545454545
kpi and performance metrics development,1,0.004545454545454545
advanced bi modeling,1,0.004545454545454545
project management basics,1,0.004545454545454545
testing with jest,1,0.004545454545454545
f#,1,0.004545454545454545
design patterns,1,0.004545454545454545
vb.net,1,0.004545454545454545
asp.net basics,1,0.004545454545454545
code review basics,1,0.004545454545454545
prompt crafting basics,1,0.004545454545454545
"ai coding assistant usage (chatgpt, copilot)",1,0.004545454545454545
documentation,1,0.004545454545454545
mentorship,1,0.004545454545454545
smart contract optimization and security audits,1,0.004545454545454545
hyperledger advanced,1,0.004545454545454545
remix ide advanced,1,0.004545454545454545
truffle advanced,1,0.004545454545454545
git advanced,1,0.004545454545454545
encapsulation,1,0.004545454545454545
polymorphism,1,0.004545454545454545
inheritance,1,0.004545454545454545
"testing frameworks (jest, cypress, mocha)",1,0.004545454545454545
github basics,1,0.004545454545454545
task planning with jira/trello,1,0.004545454545454545
code evaluation and debugging,1,0.004545454545454545
ai coding assistant proficiency,1,0.004545454545454545
ai-assisted code evaluation,1,0.004545454545454545
prompt creation,1,0.004545454545454545
prompt engineering basics,1,0.004545454545454545
prompt engineering advanced,1,0.004545454545454545
agile workflow management,1,0.004545454545454545
project management agile,1,0.004545454545454545
code evaluation and debugging advanced,1,0.004545454545454545
creative problem solving,1,0.004545454545454545
